,city,country,latitude,longitude,date,temperature,humidity,cloudiness,windspeed
0,La Rioja,ES,42.25,-2.5,,9.16,29,5,1.81
1,Codrington,AU,-38.2667,141.9667,,8.12,78,3,3.43
2,Mayor Pablo Lagerenza,PY,-19.9309,-60.7718,,17.28,69,4,1.69
3,Bathsheba,BB,13.2167,-59.5167,,27.34,74,40,10.29
4,Saint-François,FR,46.4154,3.9054,,11.04,83,0,0
5,Mana,GF,5.6592,-53.7767,,25.7,87,85,3.75
6,Savannah Bight,HN,16.45,-85.85,,28.89,77,17,10.36
7,São Paulo de Olivença,BR,-3.3783,-68.8725,,23.4,99,100,0.62
8,Saint George,US,37.1041,-113.5841,,16.87,40,1,2.24
9,Salta,AR,-24.7859,-65.4117,,11.39,68,0,1.03
10,Barranca,PE,-10.75,-77.7667,,15.95,85,84,2.61
11,Le Lorrain,MQ,14.8329,-61.0567,,26.53,36,43,7.44
12,Hamilton,US,39.1834,-84.5333,,16.73,74,75,4.12
13,The Valley,AI,18.217,-63.0578,,27.92,69,53,6.76
14,Huarmey,PE,-10.0681,-78.1522,,16.53,88,39,3.27
15,Talara,PE,-4.5772,-81.2719,,18.07,85,29,7.24
16,Tucumã,BR,-0.1833,-50.05,,25.64,90,23,2.18
17,Mosquera,CO,4.7059,-74.2302,,11.05,100,75,1.03
18,Carora,VE,10.1755,-70.0827,,22.89,86,83,1.96
19,Tulum,MX,20.2167,-87.4667,,26.08,93,80,2.56
20,Barcelos,PT,41.5388,-8.6151,,15.45,66,43,0.78
21,Grand-Santi,GF,4.25,-54.3833,,23.3,98,77,0.96
22,Tarauacá,BR,-8.1614,-70.7656,,22.16,99,88,2.32
23,Porto de Moz,BR,-1.7483,-52.2383,,24.04,88,81,1.23
24,Iracoubo,GF,5.4802,-53.2011,,25.85,86,92,4.6
25,Pedernales,DO,18.0384,-71.744,,25.74,65,68,2.06
26,Aripuanã,BR,-9.1667,-60.6333,,21.29,99,84,1.08
27,Boa Vista,BR,2.8197,-60.6733,,25.99,83,75,3.6
28,San Cristobal,VE,7.7669,-72.225,,18.07,92,100,0.72
29,Reconquista,AR,-29.15,-59.65,,14.18,62,0,3.29
30,Palmital,BR,-22.7889,-50.2175,,17.09,86,100,5.25
31,Bull Savanna,JM,17.8868,-77.5902,,24.26,87,93,3.4
32,San Ignacio,BZ,17.1561,-89.0714,,24.08,100,0,0
33,Ivaiporã,BR,-24.2478,-51.6847,,15.53,83,70,4.41
34,Alta Floresta,BR,-9.8756,-56.0861,,20.91,98,100,2.31
35,Riberalta,BO,-10.9833,-66.1,,19.28,98,100,2.1
36,Cockburn Town,TC,21.4612,-71.1419,,28.07,76,25,8.41
37,Barra do Garças,BR,-15.89,-52.2567,,21.86,89,100,0.8
38,Itaituba,BR,-4.2761,-55.9836,,24.18,85,61,0.85
39,Falmouth,GB,50.1544,-5.0711,,13.87,88,20,5.66
40,Porto Walter,BR,-8.2686,-72.7439,,23.07,90,13,1.02
41,Cartagena,CO,10.3997,-75.5144,,28.79,79,40,1.54
42,La Paz,BO,-16.5,-68.15,,5.44,89,49,2
43,Sinnamary,GF,5.3833,-52.95,,26.08,86,71,4.56
44,Firminópolis,BR,-16.5819,-50.305,,19.06,85,100,2.79
45,Copiapó,CL,-27.3667,-70.3333,,10.83,81,3,1.18
46,Iquique,CL,-20.2208,-70.1431,,14.02,75,2,0.84
47,Parintins,BR,-2.6283,-56.7358,,23.91,87,99,1
48,Uyuni,BO,-20.4597,-66.825,,-0.3,50,0,0.92
49,Calama,CL,-22.4667,-68.9333,,8.64,16,0,3.38
50,Diego de Almagro,CL,-26.3667,-70.05,,10.8,68,0,0.92
51,San Felipe,VE,10.3399,-68.7425,,22.66,96,81,1.38
52,Pozo Colorado,PY,-23.4923,-58.7972,,14.76,63,0,1.81
53,Coquimbo,CL,-29.9533,-71.3436,,11.85,93,75,0
54,Road Town,VG,18.4167,-64.6167,,27.18,70,16,7.16
55,Manaus,BR,-3.1019,-60.025,,26.27,89,0,3.6
56,Carauari,BR,-4.8828,-66.8958,,23.42,93,100,0.39
57,Antofagasta,CL,-23.65,-70.4,,15.6,84,31,0.61
58,San Ramon,US,37.7799,-121.978,,12.4,95,90,0.45
59,Mozarlândia,BR,-14.7447,-50.5706,,23.42,82,100,2.65
60,Eirunepé,BR,-6.6603,-69.8736,,22.91,92,78,0.26
61,Chunhuhub,MX,19.55,-88.6833,,23.91,100,70,1.15
62,Lebu,CL,-37.6167,-73.65,,11.51,93,81,2.23
63,Cachoeira do Sul,BR,-30.0392,-52.8939,,12.65,75,0,1.29
64,Maués,BR,-3.3836,-57.7186,,24.53,87,99,1.04
65,Morant Bay,JM,17.8815,-76.4093,,25.43,82,87,3.89
66,Acarí,PE,-15.4311,-74.6158,,16.54,76,45,0.88
67,George Town,MY,5.4112,100.3354,,29.97,74,20,0.45
68,Englewood,US,39.6478,-104.9878,,8.45,50,40,7.72
69,Jipijapa,EC,-1.3333,-80.5833,,19.96,90,100,1.87
70,Esmeraldas,BR,-19.7625,-44.3139,,21.21,81,100,3.18
71,Baranoa,CO,10.7941,-74.9164,,26.36,94,40,1.54
72,Portobelo,PA,9.55,-79.65,,24.07,85,71,1.39
73,Olmos,PE,-5.9847,-79.7453,,18.82,79,21,1.22
74,Yara,CU,20.2753,-76.9533,,23.47,91,78,1.5
75,Sicuani,PE,-14.2694,-71.2261,,9.17,70,93,0.53
76,Oriximiná,BR,-1.7656,-55.8661,,24.22,85,87,1.26
77,Chicama,PE,-7.8447,-79.1469,,16.7,88,55,1.83
78,Manicoré,BR,-5.8092,-61.3003,,23.14,95,98,1.19
79,Tubualá,PA,9.5167,-79.0333,,24.06,85,39,1.01
80,La Asuncion,VE,11.0333,-63.8628,,25.69,85,100,6.17
81,Rosário Oeste,BR,-14.8361,-56.4275,,21.38,95,100,1.29
82,Puerto Quijarro,BO,-17.7833,-57.7667,,20.69,77,100,0.7
83,Almeirim,BR,-1.5233,-52.5817,,24.18,88,73,1.41
84,Puerto Colombia,CO,10.9878,-74.9547,,27.05,88,56,3.76
85,Santarém,BR,-2.4431,-54.7083,,24.07,100,40,1.54
86,Pucara,PE,-15.9803,-71.4606,,0.4,19,0,0.78
87,El Alto,PE,-4.2714,-81.2147,,17.59,81,80,6.3
88,Doctor Juan León Mallorquín,PY,-25.4,-55.2667,,13.85,87,0,1.16
89,Sabana Grande de Boyá,DO,18.945,-69.7933,,24,96,49,0.99
90,Kralendijk,BQ,12.15,-68.2667,,26.99,78,75,5.66
91,Taltal,CL,-25.4,-70.4833,,13.4,88,60,1.42
92,São Pedro do Sul,BR,-29.6206,-54.1789,,9.36,74,0,2.64
93,Santiago de Cao,PE,-7.9589,-79.2392,,16.32,90,79,4.02
94,Parrita,CR,9.5201,-84.3225,,25.72,87,38,1.52
95,Paita,PE,-5.0892,-81.1144,,17.41,87,16,5.47
96,Vallenar,CL,-28.5708,-70.7581,,13.63,73,0,1.71
97,Puerto Escondido,MX,15.85,-97.0667,,25.06,85,91,1.71
98,Pedro Juan Caballero,PY,-22.5472,-55.7333,,13.47,82,36,2.17
99,Fort Myers Beach,US,26.452,-81.9481,,24.37,95,75,0.89
100,Rincon,US,32.296,-81.2354,,20.55,96,90,2.57
101,Guayaramerín,BO,-10.8368,-65.3614,,20.27,99,100,1.89
102,Piranhas,BR,-16.4269,-51.8222,,22.04,80,100,2.27
103,Nicoya,CR,10.1483,-85.452,,23.07,95,11,0.78
104,Nagua,DO,19.3832,-69.8474,,24.14,91,46,1.27
105,Marsh Harbour,BS,26.5412,-77.0636,,26.67,82,100,6.31
106,Riohacha,CO,11.5444,-72.9072,,25.72,78,49,5.54
107,Laguna de Perlas,NI,12.3429,-83.6712,,25.15,90,32,1.71
108,Jagüey Grande,CU,22.5269,-81.1286,,23.67,92,97,1.09
109,Chirilagua,SV,13.2203,-88.1386,,21.93,97,36,1.24
110,Solano,US,38.2333,-121.9511,,13.24,95,20,3.6
111,Warrington,GB,53.3925,-2.5802,,11.76,88,20,1.34
112,Manicaragua,CU,22.1494,-79.9736,,22.25,94,97,1.07
113,Santa Isabel Rio Negro,BR,-0.4139,-65.0192,,23.05,99,100,0.76
114,Sechura,PE,-5.5569,-80.8222,,17.42,84,6,5.4
115,Lucea,JM,18.451,-78.1736,,25.92,80,70,1
116,Key West,US,24.5557,-81.7826,,28.64,79,1,3.6
117,Lima,PE,-12.0432,-77.0282,,15.02,86,90,2.57
118,Cerro Blanco,HN,14.6667,-87.7833,,17.01,96,33,1.17
119,Tonantins,BR,-2.8731,-67.8022,,23.22,97,100,0.56
120,Fonte Boa,BR,-2.4959,-66.2662,,22.25,99,100,1.1
121,Villamontes,BO,-21.25,-63.5,,15.64,49,0,2.11
122,Pisco,PE,-13.7,-76.2167,,13.03,88,2,1.03
123,San Andrés,CO,12.5847,-81.7006,,26.01,94,20,1.54
124,Santo Antônio do Içá,BR,-3.1022,-67.9397,,23.19,98,100,0.62
125,Vilhena,BR,-12.7406,-60.1458,,19.13,96,99,1.81
126,Resistencia,AR,-27.4606,-58.9839,,11.16,92,0,1.03
127,Gemeente Wageningen,NL,51.9667,5.6667,,10.26,89,90,4.12
128,Mabaruma,GY,8.2,-59.7833,,22.85,99,79,1.5
129,Chilca,PE,-12.5211,-76.7372,,15.54,87,94,0.84
130,San Pedro de Macorís,DO,18.4616,-69.2972,,23.07,92,27,3.02
131,Japura,ID,-0.3167,102.35,,29.14,78,94,0.58
132,Oranjestad,AW,12.524,-70.027,,26.97,78,20,4.63
133,Jacareacanga,BR,-6.2222,-57.7528,,23.22,91,54,0.86
134,Três Lagoas,BR,-20.7511,-51.6783,,19.33,92,85,0.89
135,Seminole,US,28.7086,-81.2081,,23.32,94,90,2.06
136,Chaupimarca,PE,-10.4333,-76.5333,,2.58,89,73,0.6
137,Tipuani,BO,-15.5648,-68.0185,,17.49,97,94,0.76
138,Cassilândia,BR,-19.1133,-51.7342,,18.96,84,100,1.63
139,Sipe Sipe,BO,-17.45,-66.3833,,8.2,73,33,1.18
140,Orocué,CO,4.7912,-71.3354,,23.69,89,99,2.11
141,La Romana,DO,18.4273,-68.9728,,26.85,90,8,3.14
142,Niquero,CU,20.0431,-77.5828,,25.81,84,85,3.16
143,Metapán,SV,14.3333,-89.45,,21.05,97,30,0.53
144,Panabá,MX,21.2833,-88.2667,,24.24,97,83,2.59
145,Sucúa,EC,-2.4667,-78.1667,,18.76,96,17,1.48
146,El Seibo,DO,18.7641,-69.0375,,23.02,94,28,1.55
147,Sucre,BO,-19.0333,-65.2627,,8.42,75,6,0.72
148,Philadelphia,US,39.9523,-75.1638,,16.03,91,75,2.24
149,Mâncio Lima,BR,-7.6142,-72.8958,,23.24,89,24,1
150,Malbork,PL,54.0359,19.0266,,9.36,80,83,6.34
151,San Francisco,US,37.7749,-122.4194,,13.27,93,90,0.45
152,Inírida,CO,3.8653,-67.9239,,22.79,99,55,0.71
153,Province of Mantua,IT,45.1667,10.7833,,13.12,71,100,0.45
154,Cabo Rojo,PR,18.0866,-67.1457,,24.43,83,4,2.08
155,São Gabriel da Cachoeira,BR,-0.1303,-67.0892,,22.32,100,100,0.79
156,Villa Bruzual,VE,9.3328,-69.1208,,22.22,93,85,2.06
157,Baracoa,CU,20.3467,-74.4958,,26.36,82,83,2.03
158,Gouyave,GD,12.1646,-61.7296,,26.43,83,75,8.75
159,Salinas,US,36.6777,-121.6555,,13.67,86,100,3.85
160,Kourou,GF,5.1552,-52.6478,,26.73,91,70,3.37
161,Spring Hill,US,28.4769,-82.5255,,22.52,68,75,0.45
162,Iralaya,HN,15,-83.2333,,26.73,86,100,3.93
163,Cáchira,CO,7.741,-73.0483,,13.94,94,100,1.32
164,Guánica,PR,17.9716,-66.908,,24.09,84,5,0.89
165,Chincha Alta,PE,-13.4099,-76.1323,,12.33,87,8,1.3
166,Rurrenabaque,BO,-14.4413,-67.5278,,17.39,98,100,0.88
167,Saint-Pierre,RE,-21.3393,55.4781,,26.05,71,90,4.63
168,Hualmay,PE,-11.0964,-77.6139,,15.99,87,46,3.47
169,Alvarães,BR,-3.2208,-64.8042,,22.74,100,100,1.09
170,San Miguel de Cozumel,MX,20.5083,-86.9458,,25.62,85,99,4.2
171,Libertador General San Martín,AR,-23.8064,-64.7876,,13.85,53,0,1
172,El Cobre,CU,20.0489,-75.9469,,23.12,93,63,0.7
173,Puerto Ayora,EC,-0.7393,-90.3518,,19.75,98,95,2.24
174,Bataiporã,BR,-22.2953,-53.2711,,16.58,83,46,1.45
175,Santa Cruz de la Sierra,BO,-17.8,-63.1667,,17.49,38,83,2.04
176,Guasdualito,VE,7.2424,-70.7324,,21.98,98,100,1.37
177,Pangoa,PE,-12.1167,-73,,19.19,100,100,1.64
178,Aparecida do Taboado,BR,-20.0867,-51.0936,,19.53,87,99,1.38
179,Lábrea,BR,-7.2586,-64.7981,,22.4,99,91,1.36
180,Rodrigues Alves,BR,-7.738,-72.6509,,23.2,90,23,0.88
181,City of San Pedro,PH,14.35,121.0167,,26.13,84,75,2.06
182,Humaitá,BR,-7.5061,-63.0208,,22.45,99,90,1.09
183,Coracora,PE,-15.0333,-73.7833,,7.74,24,5,1.54
184,Guácimo,CR,10.2104,-83.6807,,25.17,96,66,0.97
185,Urucará,BR,-2.5364,-57.76,,24.67,88,100,1.06
186,La Santisima Trinidad,BO,-14.8333,-64.9,,19.99,69,100,1.62
187,Isabela,PH,6.7085,121.9711,,30.03,79,21,0.44
188,St. George's,GD,12.0564,-61.7485,,26.82,83,75,8.75
189,Cascas,PE,-7.4833,-78.8167,,18.27,76,31,0.37
190,Chota,PE,-6.55,-78.65,,11.57,92,15,1.09
191,Ariquemes,BR,-9.9133,-63.0408,,22.07,98,100,1.09
192,Pauini,BR,-7.7136,-66.9764,,22.19,98,99,2.2
193,Lethem,GY,3.3803,-59.7968,,23.22,91,99,3.2
194,Canutama,BR,-6.5339,-64.3831,,22.78,97,92,1.3
195,Baños,EC,-1.4,-78.4167,,13.69,88,90,0.88
196,San Fernando del Valle de Catamarca,AR,-28.4696,-65.7852,,18.76,57,0,1.75
197,Abapó,BO,-18.8333,-63.4667,,12.99,56,59,1.1
198,Eldorado,BR,-23.7869,-54.2836,,14.49,82,0,1.2
199,Guarapuava,BR,-25.3953,-51.4581,,12.34,87,98,2.82
200,Cape Canaveral,US,28.4058,-80.6048,,24.36,93,90,1.54
201,Estelle,US,29.8458,-90.1067,,21.33,93,90,0
202,Narganá,PA,9.4428,-78.5906,,26.72,81,47,1.36
203,Puerto Rondón,CO,6.2805,-71.1,,22.68,94,84,2.45
204,Merritt Island,US,28.5392,-80.672,,24.14,93,20,1.54
205,Pacho,CO,5.1328,-74.1598,,15.76,96,70,0.92
206,Waspán,NI,14.7419,-83.9717,,23.2,98,91,0.33
207,Port Antonio,JM,18.18,-76.4612,,22.74,83,93,3.66
208,Arica,CL,-18.475,-70.3042,,13.13,71,75,2.06
209,Conceição do Araguaia,BR,-8.2578,-49.2647,,25.07,79,77,0.75
210,Black River,JM,18.0264,-77.8487,,26,86,90,2.12
211,Muisne,EC,0.6,-80.0333,,23.89,89,100,4.73
212,Nieuw Nickerie,SR,5.95,-56.9833,,25.43,88,99,5.11
213,Nuevitas,CU,21.5453,-77.2644,,24.05,91,92,1.81
214,Chimbote,PE,-9.0853,-78.5783,,16.3,87,85,2.43
215,Maní,CO,4.8172,-72.2886,,23.21,86,91,1.92
216,Isla Mujeres,MX,21.2311,-86.731,,25.65,87,97,4.73
217,Desaguadero,PE,-16.5656,-69.0417,,5.44,46,5,2.66
218,Yura,PE,-16.2522,-71.6797,,9.49,22,0,1.3
219,Iquitos,PE,-3.7481,-73.2472,,25.02,88,40,1.03
220,Goya,AR,-29.14,-59.2626,,13.99,66,0,2.5
221,Luanda,AO,-8.8368,13.2343,,26.68,66,100,3.54
222,Aguadilla,PR,18.4275,-67.1541,,24.28,92,4,0.45
223,Barão de Melgaço,BR,-16.1944,-55.9675,,22.29,94,96,1.77
224,Corinth,GR,37.9407,22.9573,,16.64,68,100,0.45
225,Caceres,ES,39.522,-6.3748,,14.89,41,76,1.93
226,El Tocuyo,VE,9.7873,-69.7937,,19.71,96,39,0.28
227,Puerto Asís,CO,0.5133,-76.5007,,21.27,99,92,0.92
228,Capitán Bado,PY,-23.2667,-55.5333,,14,83,4,2.01
229,Miraflores,MX,19.2167,-98.8083,,13.26,86,100,1.73
230,Putina,PE,-15.4667,-69.4333,,6.39,75,46,2.98
231,Santo Tomas,PH,14.1079,121.1414,,25.41,90,84,2.56
232,Bonfim,BR,3.0833,-59.95,,23.35,89,88,2.09
233,Cartagena del Chairá,CO,1.3349,-74.8429,,21.88,98,86,1.2
234,Puerto Ayacucho,VE,5.6639,-67.6236,,23.39,93,66,2.23
235,Pizarro,CO,4.9533,-77.366,,24.58,88,78,0.39
236,Santiago,CL,-33.4569,-70.6483,,16.03,39,0,2.57
237,Oxapampa,PE,-10.5775,-75.4017,,16.02,97,98,0.45
238,São Félix do Xingu,BR,-6.6447,-51.995,,22.71,89,82,0.33
239,Freeport,US,40.6576,-73.5832,,17.38,82,100,4.47
240,Immokalee,US,26.4187,-81.4173,,24.1,98,90,2.57
241,Tocopilla,CL,-22.092,-70.1979,,14.51,70,14,0.39
242,Valdez,EC,1.2492,-78.9831,,23.75,92,100,2.48
243,Altamira,BR,-3.2033,-52.2064,,23.51,88,79,1.11
244,Anori,BR,-3.7728,-61.6442,,23.2,98,52,1.1
245,San Jose,US,37.3394,-121.895,,13.71,93,90,2.06
246,Villazón,BO,-22.0866,-65.5942,,2.44,81,5,2.57
247,Camaná,PE,-16.6228,-72.7111,,15.89,84,75,3.1
248,El Peñón,CO,8.9892,-73.9486,,22.79,98,97,0.59
249,Puerto Santander,CO,8.3636,-72.4063,,22.79,97,100,1.03
250,Yaritagua,VE,10.08,-69.1261,,21.19,97,88,1.45
251,Puerto Carreño,CO,6.189,-67.4859,,23.87,85,53,4.13
252,Caucayá,CO,-0.1934,-74.7819,,22.1,98,90,1.05
253,São Miguel do Araguaia,BR,-13.275,-50.1628,,23.69,86,100,1.9
254,Andros Town,BS,24.7,-77.7667,,25.98,82,86,5.24
255,Santo Augusto,BR,-27.8508,-53.7772,,10.7,78,0,2.05
256,Manta,EC,-0.95,-80.7333,,22.17,88,100,4.74
257,Ciudad Bolivar,VE,8.1222,-63.5497,,23.2,97,63,1.97
258,Rock Sound,BS,24.9,-76.2,,28.06,77,100,7.13
259,Upata,VE,8.0086,-62.3989,,21.77,97,68,1.89
260,Les Cayes,HT,18.2,-73.75,,25.66,83,96,1.69
261,Venice,US,27.0998,-82.4543,,25.39,91,100,4.92
262,Ilave,PE,-16.0833,-69.6667,,5.1,46,1,1.51
263,San Vicente de Cañete,PE,-13.0751,-76.3835,,16.13,85,38,2.53
264,Challapata,BO,-18.9,-66.7667,,2.59,47,0,1.88
265,Marathon,US,44.9,-89.7668,,2.58,82,1,5.14
266,Corrales,US,35.2378,-106.6067,,12.89,37,1,0
267,Los Chiles,CR,11.0333,-84.7167,,22.54,98,47,1.08
268,Manaure,CO,11.7751,-72.4445,,26.22,75,33,5.86
269,Boca do Acre,BR,-8.7522,-67.3978,,21.84,96,100,2.36
270,George Town,MY,5.4112,100.3354,,29.97,74,20,0.45
271,Calabozo,VE,8.9242,-67.4293,,22.65,84,100,2.27
272,Cuaspud,CO,0.8628,-77.7263,,9.74,96,91,0.6
273,Camopi,GF,3.1655,-52.3158,,22.72,99,99,0.48
274,Cerro de Pasco,PE,-10.6833,-76.2667,,1.34,93,65,1.27
275,Presidencia Roque Sáenz Peña,AR,-26.7852,-60.4388,,13.51,62,0,2.68
276,Rio Verde de Mato Grosso,BR,-18.9181,-54.8442,,19.99,89,94,3.77
277,La Primavera,CO,5.4906,-70.4092,,23.56,90,95,3.17
278,Hatillo,PR,18.4863,-66.8254,,24.56,94,2,0.45
279,Portoviejo,EC,-1.05,-80.45,,22.39,86,100,1.73
280,Uchiza,PE,-8.4592,-76.4633,,23.01,78,86,1.02
281,Nueva Loja,EC,0.0847,-76.8828,,20.71,99,59,1.11
282,San Miguel de Tucumán,AR,-26.8241,-65.2226,,17,48,0,2.57
283,São Sebastião do Caí,BR,-29.5867,-51.3756,,13.57,71,0,1.49
284,Pimentel,PE,-6.8367,-79.9342,,16.69,89,27,4.93
285,Felipe Carrillo Puerto,MX,19.5833,-88.05,,24.4,99,62,1.25
286,Camapuã,BR,-19.5314,-54.0439,,19.38,89,78,3.25
287,Puerto Nariño,CO,-3.7703,-70.3831,,22.97,94,44,0.2
288,Manoel Urbano,BR,-8.8389,-69.2597,,20.97,99,100,2.5
289,Mirandopólis,BR,-21.1336,-51.1017,,18.83,91,76,1.47
290,Samaná,DO,19.2056,-69.3369,,24.97,90,64,2.31
291,Baláo,EC,-2.9167,-79.8167,,21.75,89,100,1.56
292,Ilo,PE,-17.6394,-71.3375,,15.4,81,78,1.61
293,San Pedro de Cajas,PE,-11.2511,-75.8617,,4.67,90,54,1.42
294,Melchor de Mencos,GT,17.0686,-89.1522,,24,100,0,0
295,Itupiranga,BR,-5.1347,-49.3267,,24.18,92,92,0.6
296,High Rock,BS,26.6208,-78.2833,,26.01,80,100,5.04
297,Jacmel,HT,18.2342,-72.5347,,22.91,84,95,1.48
298,Colquiri,BO,-17.4167,-67.1333,,-0.33,84,19,1.36
299,San Matías,BO,-16.3667,-58.4,,20.31,83,100,2.11
300,Rio Grande,BR,-32.035,-52.0986,,12.19,66,0,5.38
301,Murindó,CO,6.9848,-76.7544,,22.63,98,89,0.25
302,Middle Island,US,40.8843,-72.9373,,17.15,87,90,2.57
303,Paramonga,PE,-10.6667,-77.8333,,16.39,86,78,3.04
304,San Juan,AR,-31.5375,-68.5364,,20.04,24,0,4.05
305,Pascagoula,US,30.3658,-88.5561,,21.47,100,90,0
306,Jérémie,HT,18.65,-74.1167,,25.91,79,85,1.68
307,Cândido de Abreu,BR,-24.5669,-51.3333,,16,87,91,1.81
308,Maraã,BR,-1.8333,-65.3667,,23.01,99,100,0.28
309,Punto Fijo,VE,11.6956,-70.1996,,27.25,73,6,7.76
310,Nova Olinda do Norte,BR,-3.8881,-59.0942,,23.76,94,67,1.14
311,Punta Cardon,VE,11.6581,-70.215,,27.16,74,6,7.65
312,Santa,PH,17.486,120.4348,,26.5,79,98,1.13
313,Tigre,AR,-34.426,-58.5796,,17.69,52,0,5.66
314,Carupano,VE,10.6678,-63.2585,,24.81,89,92,3.41
315,Bartica,GY,6.4,-58.6167,,24.18,100,91,0.54
316,French Harbor,HN,16.35,-86.4333,,28.89,83,61,0.89
317,Gualaquiza,EC,-3.4,-78.55,,15.86,98,40,0.88
318,Banes,CU,20.9625,-75.7186,,24.05,88,58,1.23
319,Barcelona,ES,41.3888,2.159,,18.48,72,0,0.45
320,Scarborough,GB,54.2797,-0.4044,,11.72,86,10,0.89
321,Corrientes,AR,-27.4806,-58.8341,,14.19,92,0,0.45
322,Puerto Suárez,BO,-18.95,-57.8,,20.15,71,100,0.35
323,Palmeira,BR,-25.4294,-50.0064,,12.83,90,99,2.74
324,Contamana,PE,-7.3333,-75.0167,,23.28,92,47,1.24
325,Santa Fe,AR,-31.6333,-60.7,,15.64,60,0,1.79
326,Saravena,CO,6.9538,-71.8752,,20.99,91,97,1.39
327,Nuquí,CO,5.7125,-77.2708,,24.88,86,100,0.74
328,Rancharia,BR,-22.2292,-50.8931,,18.51,90,99,5.23
329,Careiro da Várzea,BR,-3.2003,-59.8119,,26.34,90,99,1.16
330,Corn Island,NI,12.1694,-83.0418,,28.06,78,13,3.15
331,Gibara,CU,21.1097,-76.1317,,24.73,87,58,2.49
332,Bodden Town,KY,19.2833,-81.25,,27.78,86,65,0.89
333,Arroyo de la Encomienda,ES,41.6096,-4.7969,,12.34,67,20,1.54
334,Cabañas,CU,22.9758,-82.9219,,25.31,91,100,3.71
335,Puerto López,CO,4.0845,-72.956,,22.36,93,91,1.75
336,Pontes e Lacerda,BR,-15.2261,-59.3353,,20.17,82,100,0.98
337,Tocache,PE,-8.1842,-76.5125,,22.45,88,79,0.17
338,San Luis,AR,-33.295,-66.3356,,20.01,27,0,8.19
339,Yantzaza,EC,-3.8278,-78.7594,,18.04,99,62,0.22
340,Ascension,US,30.2169,-90.9001,,20.53,97,90,0
341,Mucurapo,TT,10.6667,-61.5333,,23.96,96,100,5.54
342,Colón,PA,9.3592,-79.9014,,24.86,92,59,1.34
343,Santa Marta,CO,11.2408,-74.199,,25.69,84,36,4.34
344,Envira,BR,-7.3,-70.2167,,22.02,99,97,2.35
345,Montería,CO,8.748,-75.8814,,23.5,93,72,1.46
346,Guanare,VE,9.0418,-69.7421,,21.96,88,99,1.2
347,Key Largo,US,25.0865,-80.4473,,26.92,83,100,5.19
348,Cravo Norte,CO,6.3017,-70.2041,,23.53,91,100,2.64
349,Manacapuru,BR,-3.2997,-60.6206,,24.32,91,99,1.65
350,Cubará,CO,7.0008,-72.1085,,20.85,86,97,1.95
351,Vicuña,CL,-30.0319,-70.7081,,7.85,36,0,0.09
352,Bahía Solano,CO,6.2262,-77.4044,,25.78,81,67,0.33
353,Prainha,BR,-1.8,-53.48,,24.29,83,75,1.39
354,Moa,CU,20.6569,-74.9403,,25.11,85,53,2.85
355,Oistins,BB,13.0667,-59.5333,,27.05,74,40,10.29
356,Santiago de Cuba,CU,20.0247,-75.8219,,22.99,95,53,0.85
357,Naples,IT,40.8333,14.25,,18.48,63,40,3.13
358,Pimampiro,EC,0.4,-77.9667,,14.26,96,65,0.49
359,El Bagre,CO,7.5927,-74.8086,,22.61,100,97,0.08
360,San Carlos,VE,9.6612,-68.5827,,21.73,94,86,1.43
361,Santa Rosa,PH,14.3122,121.1114,,26.45,84,92,4.62
362,Palmas Bellas,PA,9.2319,-80.0867,,24.86,93,55,1.94
363,Macará,EC,-4.3833,-79.95,,20.87,79,19,0.62
364,Distrikt Brokopondo,SR,4.75,-55.1667,,24.5,93,82,3.14
365,Gurupá,BR,-1.405,-51.64,,24.05,91,78,1.18
366,Presidente Epitácio,BR,-21.7633,-52.1156,,18.21,89,41,1.94
367,Tucupita,VE,9.0622,-62.051,,22.24,100,96,1.03
368,Machachi,EC,-0.5,-78.5667,,8.75,98,84,0.78
369,West Bay,KY,19.3667,-81.4167,,27.86,84,62,1.34
370,Andahuaylas,PE,-13.6556,-73.3872,,10.62,90,31,0.6
371,Bahía Honda,CU,22.9036,-83.1592,,25.82,92,100,3.45
372,Bluefields,NI,12.0137,-83.7635,,23.96,95,48,1.65
373,Tingo María,PE,-9.2895,-76.0088,,21.51,93,96,0.44
374,La Esperanza,GT,14.8667,-91.5667,,11.29,83,86,1.74
375,Campo Verde,BR,-20.4167,-54.0667,,16.56,86,28,2.32
376,Bayonet Point,US,28.3267,-82.6834,,23.06,92,100,5.36
377,Belize,BZ,17.25,-88.75,,24.18,98,30,0.46
378,Nicolás Bravo,MX,18.45,-88.9167,,24.04,99,87,1.12
379,Quilmaná,PE,-12.95,-76.3833,,16.94,80,39,2.16
380,Timbiquí,CO,2.7717,-77.6654,,23.1,96,77,1.37
381,Villa Sandino,NI,12.0483,-84.9936,,21.34,98,28,2.13
382,Rondonópolis,BR,-16.4708,-54.6356,,21.9,93,99,0.39
383,Teodoro Sampaio,BR,-22.5325,-52.1675,,18.16,91,76,4.63
384,São Borja,BR,-28.6606,-56.0044,,11.08,74,0,2.93
385,Colonia Nueva Germania,PY,-23.9,-56.5667,,14.71,83,0,1.48
386,Orcopampa,PE,-15.2661,-72.3417,,6.43,45,0,0.73
387,Cayenne,GF,4.9333,-52.3333,,26.72,88,75,2.68
388,Óbidos,BR,-1.9175,-55.5181,,24.07,84,66,1.33
389,Puerto Maldonado,PE,-12.6,-69.1833,,20.38,65,100,3.52
390,Senador José Porfírio,BR,-2.5908,-51.9542,,24.02,87,88,1.15
391,La Macarena,CO,2.1837,-73.7849,,22.58,94,88,1.87
392,Planeta Rica,CO,8.4147,-75.5883,,23.27,93,97,1.52
393,Chimoré,BO,-16.9833,-65.1333,,18.5,91,87,0.55
394,Palora,EC,-1.7,-77.9333,,17.26,98,58,1.28
395,Palmas,BR,-10.2128,-48.3603,,23.93,94,40,1.54
396,Sébaco,NI,12.8532,-86.0963,,20.17,96,12,1.97
397,Guiratinga,BR,-16.3494,-53.7583,,20.27,89,100,1.17
398,Quibor,VE,9.9287,-69.6201,,20.02,95,68,0.92
399,Santa Elena,EC,-2.2333,-80.85,,21.02,84,100,3.53
400,Fairhope,US,30.523,-87.9033,,21.2,79,90,1.54
401,Chachapoyas,PE,-6.2317,-77.869,,12.9,93,80,0.45
402,Villa Carlos Paz,AR,-31.4241,-64.4978,,20.6,39,0,4.92
403,Santa Clara,CU,22.4,-79.9667,,22.43,93,99,1.53
404,Progreso,MX,21.2833,-89.6667,,25.62,94,87,2.68
405,Cruzeiro do Sul,BR,-29.5128,-51.9853,,11.77,95,0,2.1
406,Yurimaguas,PE,-5.9,-76.0833,,22.19,96,72,0.16
407,Quirinópolis,BR,-18.4483,-50.4517,,19.49,78,82,2.05
408,Alice Town,BS,25.7167,-79.3,,27.41,80,100,5.6
409,Bermejo,AR,-32.8833,-68.8,,13.95,67,0,2.06
410,Amapá,BR,1,-52,,22.44,98,56,0.34
411,South Venice,US,27.0531,-82.4243,,25.37,91,100,6.69
412,Palm Coast,US,29.585,-81.2078,,22.6,78,100,2.24
413,Camargo,MX,27.6667,-105.1667,,17.99,32,0,2.01
414,Barreirinha,BR,-2.7933,-57.07,,23.98,89,98,1.24
415,Novo Aripuanã,BR,-5.1206,-60.3797,,22.85,98,68,0.77
416,Los Anastacios,PA,8.5333,-82.4167,,24.41,92,59,0.83
417,Rio Claro,BR,-22.4114,-47.5614,,16.9,79,100,3.66
418,Saquena,PE,-4.6667,-73.5167,,23.04,96,51,0.89
419,Rovira,CO,4.2392,-75.24,,19.26,88,69,1.63
420,Mercedes,AR,-34.6515,-59.4307,,16.61,37,0,5.91
421,Clearwater,US,27.9659,-82.8001,,23.74,91,90,1.34
422,Urubichá,BO,-15.3833,-62.95,,19.82,70,100,0.7
423,Yaguajay,CU,22.3272,-79.2378,,24.29,91,100,2.58
424,Padilla,CO,3.2204,-76.3139,,20.76,95,86,0.49
425,Miranda,CO,3.2499,-76.2281,,20.07,95,84,0.37
426,Diamantino,BR,-14.4086,-56.4461,,21.21,95,100,0.76
427,Tumaco,CO,1.7986,-78.8156,,23.45,97,100,3.88
428,Valparaíso,CL,-33.0393,-71.6273,,10.8,81,0,0
429,Coxim,BR,-18.5067,-54.76,,20.85,89,99,2.94
430,Autazes,BR,-3.5797,-59.1306,,23.95,94,94,1.08
431,St. Pete Beach,US,27.7253,-82.7412,,24.09,87,100,4.64
432,Albina,SR,5.5,-54.05,,23.55,97,57,0.78
433,Orito,CO,0.6766,-76.8771,,21.05,98,62,1.43
434,Abancay,PE,-13.6339,-72.8814,,13.86,87,25,1.01
435,Tarazá,CO,7.5836,-75.4007,,22.6,98,100,1.07
436,Umuarama,BR,-23.7664,-53.325,,15.06,83,6,2
437,Santo Domingo,DO,18.5001,-69.9886,,25.58,81,64,1.34
438,Totness,SR,5.8833,-56.3167,,25.08,91,97,4.79
439,Santiago del Estero,AR,-27.7951,-64.2615,,16.88,37,0,3.62
440,Rondon,BR,-23.4172,-52.7722,,16.24,90,54,4.53
441,Mitú,CO,1.1983,-70.1733,,22.11,99,93,0.99
442,Laranjeiras do Sul,BR,-25.4078,-52.4161,,12.47,91,2,2.06
443,Puerto Cabezas,NI,14.0351,-83.3888,,25.46,90,97,2.68
444,Ribas do Rio Pardo,BR,-20.4431,-53.7592,,17.56,85,37,2.14
445,Jaciara,BR,-15.9653,-54.9683,,21.1,93,100,0.88
446,Caarapó,BR,-22.6342,-54.8222,,14.62,83,30,1.39
447,Taragual,HN,14.75,-88.4833,,17.12,98,13,1.27
448,Mollendo,PE,-17.0231,-72.0147,,15.41,88,95,2.45
449,Itacoatiara,BR,-3.1431,-58.4442,,24.31,91,98,1.12
450,Eucaliptus,BO,-17.5833,-67.5167,,3.85,59,0,1.3
451,Porto Velho,BR,-8.7619,-63.9039,,24.03,94,75,2.06
452,San Vicente de Chucurí,CO,6.881,-73.4098,,19.89,94,100,1.34
453,Tambopata,PE,-12.7333,-69.1833,,20.46,61,100,3.7
454,Codajás,BR,-3.8367,-62.0569,,23.09,98,66,1.07
455,Houma,US,29.5958,-90.7195,,20.65,97,0,0.45
456,Dzilam González,MX,21.2833,-88.9333,,23.98,98,84,1.61
457,Dovers,VC,12.8833,-61.1833,,27.92,75,100,10.8
458,Pomabamba,PE,-8.8333,-77.4667,,10.3,88,97,0.69
459,Gainesville,US,29.6516,-82.3248,,22.61,90,90,2.06
460,Lake City,US,30.1897,-82.6393,,21.54,100,90,0
461,Moreira Sales,BR,-24.0622,-53.0069,,15.38,85,2,3.07
462,Huaraz,PE,-9.5333,-77.5333,,11.45,87,90,0.83
463,Uruguaiana,BR,-29.7547,-57.0883,,11.96,82,0,4.12
464,La Peca,PE,-5.6111,-78.435,,19.74,88,19,0.77
465,Nhamundá,BR,-2.1861,-56.7131,,24.42,87,99,0.99
466,Poconé,BR,-16.2567,-56.6228,,20.8,86,98,1.78
467,Valencia,ES,39.3333,-0.8333,,16.33,36,5,1.05
468,Dachnoye,UA,44.7167,33.8167,,11.95,50,11,3.12
469,San Lorenzo,PY,-25.3333,-57.5333,,14.21,71,0,1.8
470,Tinyahuarco,PE,-10.75,-76.3,,1.82,95,66,1.28
471,Mazamari,PE,-11.3258,-74.5308,,21.09,98,84,0.42
472,Santa Catalina,PH,9.3337,122.8637,,27.08,83,74,1.5
473,Bonita Springs,US,26.3398,-81.7787,,24.35,67,100,0.45
474,San Borja,BO,-14.8167,-66.85,,18.83,92,100,0.76
475,Jutaí,BR,-5.1833,-68.9,,22.61,98,95,0.47
476,São Luiz Gonzaga,BR,-28.4083,-54.9608,,12.78,80,0,2.2
477,Bachaquero,VE,9.9694,-71.1494,,25.36,85,93,3.82
478,Iturama,BR,-19.7281,-50.1956,,19.73,78,100,1.71
479,Boyuibe,BO,-20.4167,-63.2833,,14.61,45,0,1.45
480,Tacna,PE,-18.0056,-70.2483,,11.93,85,40,1.41
481,Arni,IN,12.6667,79.2833,,29.71,61,100,2.13
482,Jaqué,PA,7.5175,-78.1703,,25.46,84,59,0.99
483,São Miguel do Iguaçu,BR,-25.3481,-54.2378,,13.36,85,1,1.84
484,Entre Rios,BR,-11.9419,-38.0844,,25.8,74,96,2.97
485,Santa Cecília,BR,-26.9608,-50.4269,,10.64,85,70,1.5
486,Panama City,PA,8.9936,-79.5197,,25.36,84,81,1.33
487,Los Planes,HN,14.05,-88.0167,,13.48,94,12,1.57
488,Nuevo Imperial,PE,-13.0754,-76.3172,,16.04,83,22,2.05
489,Bonito,BR,-21.1211,-56.4819,,16.7,77,53,0.4
490,Sotuta,MX,20.6,-89.0167,,23.87,99,70,1.48
491,Cobija,BO,-11.0267,-68.7692,,18.05,97,100,2.62
492,Quime,BO,-16.9833,-67.2167,,8.37,84,89,0.6
493,Sandy Bay,AU,-42.913,147.3532,,9.7,82,75,0.45
494,El Ángel,EC,0.6167,-77.9333,,6.61,96,79,0.23
495,Corralillo,CU,22.9819,-80.5856,,24.03,90,100,1.47
496,Yataity,PY,-26.3667,-56.0667,,13.09,82,0,1.16
497,Key Biscayne,US,25.6937,-80.1628,,25.99,94,100,4.87
498,Moyobamba,PE,-6.05,-76.9667,,18.36,99,78,0.35
499,San Juan de los Morros,VE,9.9115,-67.3538,,19.86,91,81,1.7
500,Santa Cruz do Sul,BR,-29.7175,-52.4258,,10.52,74,0,0.94
501,Zamora,EC,-4.0692,-78.9567,,18.58,98,34,1.72
502,Chapada dos Guimarães,BR,-15.4606,-55.7497,,17.81,95,100,0.65
503,Vero Beach,US,27.6386,-80.3973,,24.34,93,90,1.54
504,Quepos,CR,9.4236,-84.1652,,26.14,86,45,1.44
505,Cochabamba,BO,-17.3895,-66.1568,,9,86,52,1.26
506,Tambo,PE,-14.8,-73.9167,,1.27,25,3,1.54
507,Faxinal,BR,-24.0003,-51.3194,,14.48,86,91,3.35
508,Tiquisio,CO,8.5597,-74.2669,,22.86,99,100,0.93
509,Arauca,CO,7.0847,-70.7591,,22.02,98,100,1.64
510,Charagua,BO,-19.8,-63.2167,,14.91,45,4,1.27
511,Tapejara,BR,-28.0681,-52.0139,,10.1,81,0,1.82
512,Dunmore Town,BS,25.5,-76.65,,27,82,100,6.79
513,Puquio,PE,-14.7,-74.1333,,8.82,28,2,1.83
514,Ocala,US,29.1872,-82.1401,,21.97,93,75,0
515,Chichimila,MX,20.6167,-88.2167,,23.9,99,75,1.14
516,Esmeralda,CU,21.8525,-78.1169,,23.57,94,83,2.01
517,Palmeira das Missões,BR,-27.8994,-53.3136,,11.68,79,0,1.71
518,Betanzos,ES,43.2804,-8.2147,,15.81,86,40,2.24
519,Tartagal,AR,-22.5164,-63.8013,,15.34,44,0,1.37
520,Avon Park,US,27.5959,-81.5062,,23.18,98,100,1.79
